Name ,Link,State,Party
"Adams, Alma",https://twitter.com/RepAdams,NC,D
"Aderholt, Robert",https://twitter.com/Robert_Aderholt,AL,R
"Aguilar, Pete",https://twitter.com/RepPeteAguilar,CA,D
"Allen, Rick",https://twitter.com/RepRickAllen,GA,R
"Allred, Colin",https://twitter.com/RepColinAllred,TX,D
"Amodei, Mark",https://twitter.com/MarkAmodeiNV2,NV,R
"Armstrong, Kelly",https://twitter.com/RepArmstrongND,ND,R
"Arrington, Jodey",https://twitter.com/RepArrington,TX,R
"Auchincloss, Jake",https://twitter.com/RepAuchincloss,MA,D
"Axne, Cindy",https://twitter.com/RepCindyAxne,IA,D
"Babin, Brian",https://twitter.com/RepBrianBabin,TX,R
"Bacon, Don",https://twitter.com/RepDonBacon,NE,R
"Baird, Jim",https://twitter.com/RepJimBaird,IN,R
"Balderson, Troy",https://twitter.com/RepBalderson,OH,R
"Banks, Jim",https://twitter.com/RepJimBanks,IN,R
"Barr, Andy",https://twitter.com/RepAndyBarr,KY,R
"Barragán, Nanette",https://twitter.com/RepBarragan,CA,D
"Bass, Karen",https://twitter.com/RepKarenBass,CA,D
"Beatty, Joyce",https://twitter.com/RepBeatty,OH,D
"Bentz, Cliff",https://twitter.com/RepBentz,OR,R
"Bera, Ami",https://twitter.com/RepBera,CA,D
"Bergman, Jack",https://twitter.com/RepJackBergman,MI,R
"Beyer, Don",https://twitter.com/RepDonBeyer,VA,D
"Bice, Stephanie I.",https://twitter.com/RepBice,OK,R
"Biggs, Andy",https://twitter.com/RepAndyBiggsAZ,AZ,R
"Bilirakis, Gus M.",https://twitter.com/RepGusBilirakis,FL,R
"Bishop Jr., Sanford D.",https://twitter.com/SanfordBishop,GA,D
"Bishop, Dan",https://twitter.com/RepDanBishop,NC,R
"Blumenauer, Earl",https://twitter.com/repblumenauer,OR,D
"Blunt Rochester, Lisa",https://twitter.com/RepLBR,DE,D
"Boebert, Lauren",https://twitter.com/RepBoebert,CO,R
"Bonamici, Suzanne",https://twitter.com/RepBonamici,OR,D
"Bost, Mike",https://twitter.com/RepBost,IL,R
"Bourdeaux, Carolyn",https://twitter.com/RepBourdeaux,GA,D
"Bowman, Jamaal",https://twitter.com/RepBowman,NY,D
"Boyle, Brendan",https://twitter.com/CongBoyle,PA,D
"Brady, Kevin",https://twitter.com/RepKevinBrady,TX,R
"Brooks, Mo",https://twitter.com/RepMoBrooks,AL,R
"Brown, Anthony",https://twitter.com/RepAnthonyBrown,MD,D
"Brown, Shontel",https://twitter.com/RepShontelBrown,OH,D
"Brownley, Julia",https://twitter.com/RepBrownley,CA,D
"Buchanan, Vern",https://twitter.com/VernBuchanan,FL,R
"Buck, Ken",https://twitter.com/RepKenBuck,CO,R
"Bucshon, Larry",https://twitter.com/RepLarryBucshon,IN,R
"Budd, Ted",https://twitter.com/RepTedBudd,NC,R
"Burchett, Tim",https://twitter.com/RepTimBurchett,TN,R
"Burgess, Michael",https://twitter.com/michaelcburgess,TX,R
"Bush, Cori",https://twitter.com/RepCori,MO,D
"Bustos, Cheri",https://twitter.com/RepCheri,IL,D
"Butterfield, G.K.",https://twitter.com/GKButterfield,NC,D
"Calvert, Ken",https://twitter.com/KenCalvert,CA,R
"Cammack, Kat",https://twitter.com/RepKatCammack,FL,R
"Carbajal, Salud",https://twitter.com/RepCarbajal,CA,D
"Carey, Mike",https://twitter.com/RepMikeCarey,OH,R
"Carl, Jerry L.",https://twitter.com/RepJerryCarl,AL,R
"Carson, André",https://twitter.com/RepAndreCarson,IN,D
"Carter, Buddy",https://twitter.com/RepBuddyCarter,GA,R
"Carter, John",https://twitter.com/JudgeCarter,TX,R
"Carter, Troy",https://twitter.com/RepTroyCarter,LA,D
"Cartwright, Matt",https://twitter.com/RepCartwright,PA,D
"Case, Ed",https://twitter.com/RepEdCase,HI,D
"Casten, Sean",https://twitter.com/RepCasten,IL,D
"Castor, Kathy",https://twitter.com/USRepKCastor,FL,D
"Castro, Joaquin",https://twitter.com/JoaquinCastrotx,TX,D
"Cawthorn, Madison",https://twitter.com/RepCawthorn,NC,R
"Chabot, Steve",https://twitter.com/RepSteveChabot,OH,R
"Cheney, Liz",https://twitter.com/RepLizCheney,WY,R
"Chu, Judy",https://twitter.com/RepJudyChu,CA,D
"Cicilline, David",https://twitter.com/RepCicilline,RI,D
"Clark, Katherine",https://twitter.com/RepKClark,MA,D
"Clarke, Yvette D.",https://twitter.com/RepYvetteClarke,NY,D
"Cleaver, Emanuel",https://twitter.com/repcleaver,MO,D
"Cline, Ben",https://twitter.com/RepBenCline,VA,R
"Cloud, Michael",https://twitter.com/RepCloudTX,TX,R
"Clyburn, James E.",https://twitter.com/WhipClyburn,SC,D
"Clyde, Andrew S.",https://twitter.com/Rep_Clyde (press office),GA,R
"Cohen, Steve",https://twitter.com/RepCohen,TN,D
"Cole, Tom",https://twitter.com/TomColeOK04,OK,R
"Comer, James",https://twitter.com/RepJamesComer,KY,R
"Connolly, Gerald E. ""Gerry""",https://twitter.com/GerryConnolly,VA,D
"Cooper, Jim",https://twitter.com/repjimcooper,TN,D
"Correa, J. Luis",https://twitter.com/RepLouCorrea,CA,D
"Costa, Jim",https://twitter.com/RepJimCosta,CA,D
"Courtney, Joe",https://twitter.com/RepJoeCourtney,CT,D
"Craig, Angie",https://twitter.com/RepAngieCraig,MN,D
"Crawford, Rick",https://twitter.com/RepRickCrawford,AR,R
"Crenshaw, Dan",https://twitter.com/RepDanCrenshaw,TX,R
"Crist, Charlie",https://twitter.com/RepCharlieCrist,FL,D
"Crow, Jason",https://twitter.com/RepJasonCrow,CO,D
"Cuellar, Henry",https://twitter.com/RepCuellar,TX,D
"Curtis, John R.",https://twitter.com/RepJohnCurtis,UT,R
"Davids, Sharice",https://twitter.com/RepDavids,KS,D
"Davidson, Warren",https://twitter.com/WarrenDavidson,OH,R
"Davis, Danny K.",https://twitter.com/RepDannyDavis,IL,D
"Davis, Rodney",https://twitter.com/RodneyDavis,IL,R
"Dean, Madeleine",https://twitter.com/RepDean,PA,D
"DeFazio, Peter",https://twitter.com/RepPeterDeFazio,OR,D
"DeGette, Diana",https://twitter.com/RepDianaDeGette,CO,D
"DeLauro, Rosa L.",https://twitter.com/rosadelauro,CT,D
"DelBene, Suzan",https://twitter.com/RepDelBene,WA,D
"Delgado, Antonio",https://twitter.com/repdelgado,NY,D
"Demings, Val",https://twitter.com/RepValDemings,FL,D
"DeSaulnier, Mark",https://twitter.com/RepDeSaulnier,CA,D
"DesJarlais, Scott",https://twitter.com/DesJarlaisTN04,TN,R
"Deutch, Ted",https://twitter.com/RepTedDeutch,FL,D
"Diaz-Balart, Mario",https://twitter.com/MarioDB,FL,R
"Dingell, Debbie",https://twitter.com/RepDebDingell,MI,D
"Doggett, Lloyd",https://twitter.com/RepLloydDoggett,TX,D
"Donalds, Byron",https://twitter.com/RepDonaldsPress,FL,R
"Doyle, Michael",https://twitter.com/USRepMikeDoyle,PA,D
"Duncan, Jeff",https://twitter.com/RepJeffDuncan,SC,R
"Dunn, Neal",https://twitter.com/DrNealDunnFL2,FL,R
"Ellzey, Jake",https://twitter.com/RepEllzey,TX,R
"Emmer, Tom",https://twitter.com/RepTomEmmer,MN,R
"Escobar, Veronica",https://twitter.com/RepEscobar,TX,D
"Eshoo, Anna G.",https://twitter.com/RepAnnaEshoo,CA,D
"Espaillat, Adriano",https://twitter.com/RepEspaillat,NY,D
"Estes, Ron",https://twitter.com/RepRonEstes,KS,R
"Evans, Dwight",https://twitter.com/RepDwightEvans,PA,D
"Fallon, Pat",https://twitter.com/RepPatFallon,TX,R
"Feenstra, Randy",https://twitter.com/RepFeenstra,IA,R
"Ferguson, A. Drew",https://twitter.com/RepDrewFerguson,GA,R
"Fischbach, Michelle",https://twitter.com/RepFischbach,MN,R
"Fitzgerald, Scott",https://twitter.com/RepFitzgerald,WI,R
"Fitzpatrick, Brian",https://twitter.com/RepBrianFitz,PA,R
"Fleischmann, Chuck",https://twitter.com/RepChuck,TN,R
"Fletcher, Lizzie",https://twitter.com/RepFletcher,TX,D
"Fortenberry, Jeff",https://twitter.com/JeffFortenberry,NE,R
"Foster, Bill",https://twitter.com/RepBillFoster,IL,D
"Foxx, Virginia",https://twitter.com/virginiafoxx,NC,R
"Frankel, Lois",https://twitter.com/RepLoisFrankel,FL,D
"Franklin, C. Scott",https://twitter.com/RepFranklin,FL,R
"Fulcher, Russ",https://twitter.com/RepRussFulcher,ID,R
"Gaetz, Matt",https://twitter.com/RepMattGaetz,FL,R
"Gallagher, Mike",https://twitter.com/RepGallagher,WI,R
"Gallego, Ruben",https://twitter.com/RepRubenGallego,AZ,D
"Garamendi, John",https://twitter.com/RepGaramendi,CA,D
"Garbarino, Andrew R.",https://twitter.com/RepGarbarino,NY,R
"García, Jesús ""Chuy""",https://twitter.com/RepChuyGarcia,IL,D
"Garcia, Mike",https://twitter.com/RepMikeGarcia,CA,R
"Garcia, Sylvia",https://twitter.com/RepSylviaGarcia,TX,D
"Gibbs, Bob",https://twitter.com/RepBobGibbs,OH,R
"Gimenez, Carlos A.",https://twitter.com/RepCarlos,FL,R
"Gohmert, Louie",https://twitter.com/replouiegohmert,TX,R
"Golden, Jared",https://twitter.com/RepGolden,ME,D
"Gomez, Jimmy",https://twitter.com/RepJimmyGomez,CA,D
"Gonzales, Tony",https://twitter.com/RepTonyGonzales,TX,R
"González-Cólón, Jenniffer",https://twitter.com/RepJenniffer,PR,R
"Gonzalez, Anthony",https://twitter.com/RepAGonzalez,OH,R
"Gonzalez, Vicente",https://twitter.com/RepGonzalez,TX,D
"Good, Bob",https://twitter.com/RepBobGood,VA,R
"Gooden, Lance",https://twitter.com/Lancegooden,TX,R
"Gosar, Paul A.",https://twitter.com/RepGosar,AZ,R
"Gottheimer, Josh",https://twitter.com/RepJoshG,NJ,D
"Granger, Kay",https://twitter.com/RepKayGranger,TX,R
"Graves, Garret",https://twitter.com/RepGarretGraves,LA,R
"Graves, Sam",https://twitter.com/RepSamGraves,MO,R
"Green, Al",https://twitter.com/RepAlGreen,TX,D
"Green, Mark",https://twitter.com/RepMarkGreen,TN,R
"Greene, Majorie Taylor",https://twitter.com/RepMTG,GA,R
"Griffith, Morgan",https://twitter.com/RepMGriffith,VA,R
"Grijalva, Raul",https://twitter.com/RepRaulGrijalva,AZ,D
"Grothman, Glenn",https://twitter.com/RepGrothman,WI,R
"Guest, Michael",https://twitter.com/RepMichaelGuest,MS,R
"Guthrie, S. Brett",https://twitter.com/RepGuthrie,KY,R
"Hagedorn, Jim",https://twitter.com/RepHagedorn,MN,R
"Harder, Josh",https://twitter.com/RepJoshHarder,CA,D
"Harris, Andy",https://twitter.com/RepAndyHarrisMD,MD,R
"Harshbarger, Diana",https://twitter.com/RepHarshbarger,TN,R
"Hartzler, Vicky",https://twitter.com/RepHartzler,MO,R
"Hastings, Alcee L.",https://twitter.com/RepHastingsFL,FL,D
"Hayes, Jahana",https://twitter.com/RepJahanaHayes,CT,D
"Hern, Kevin",https://twitter.com/repkevinhern,OK,R
"Herrell, Yvette",https://twitter.com/RepHerrell,NM,R
"Herrera Butler, Jaime",https://twitter.com/HerreraBeutler,WA,R
"Hice, Jody",https://twitter.com/CongressmanHice,GA,R
"Higgins, Brian",https://twitter.com/RepBrianHiggins,NY,D
"Higgins, Clay",https://twitter.com/RepClayHiggins,LA,R
"Hill, French",https://twitter.com/RepFrenchHill,AR,R
"Himes, Jim",https://twitter.com/jahimes,CT,D
"Hinson, Ashley",https://twitter.com/RepAshleyHinson,IA,R
"Hollingsworth, Trey",https://twitter.com/RepTrey,IN,R
"Horsford, Steven",https://twitter.com/RepHorsford,NV,D
"Houlahan, Chrissy",https://twitter.com/RepHoulahan,PA,D
"Hoyer, Steny H.",https://twitter.com/LeaderHoyer,MD,D
"Hudson, Richard",https://twitter.com/RepRichHudson,NC,R
"Huffman, Jared",https://twitter.com/RepHuffman,CA,D
"Huizenga, Bill",https://twitter.com/RepHuizenga,MI,R
"Issa, Darrell",https://twitter.com/repdarrellissa,CA,R
"Jackson Lee, Sheila",https://twitter.com/JacksonLeeTX18,TX,D
"Jackson, Ronny",https://twitter.com/RepRonnyJackson,TX,R
"Jacobs, Chris",https://twitter.com/RepJacobs,NY,R
"Jacobs, Sara",https://twitter.com/RepSaraJacobs,CA,D
"Jayapal, Pramila",https://twitter.com/RepJayapal,WA,D
"Jeffries, Hakeem",https://twitter.com/RepJeffries,NY,D
"Johnson, Bill",https://twitter.com/RepBillJohnson,OH,R
"Johnson, Dusty",https://twitter.com/RepDustyJohnson,SD,R
"Johnson, Eddie Bernice",https://twitter.com/RepEBJ,TX,D
"Johnson, Henry C. ""Hank"" Jr.",https://twitter.com/RepHankJohnson,GA,D
"Johnson, Mike",https://twitter.com/RepMikeJohnson,LA,R
"Jones, Mondaire",https://twitter.com/RepMondaire,NY,D
"Jordan, Jim",https://twitter.com/Jim_Jordan,OH,R
"Joyce, David",https://twitter.com/RepDaveJoyce,OH,R
"Joyce, John",https://twitter.com/RepJohnJoyce,PA,R
"Kahele, Kaiali'i",https://twitter.com/KaheleRep,HI,D
"Kaptur, Marcy",https://twitter.com/RepMarcyKaptur,OH,D
"Katko, John",https://twitter.com/RepJohnKatko,NY,R
"Keating, William",https://twitter.com/USRepKeating,MA,D
"Keller, Fred",https://twitter.com/RepFredKeller,PA,R
"Kelly, Mike",https://twitter.com/MikeKellyPA,PA,R
"Kelly, Robin",https://twitter.com/RepRobinKelly,IL,D
"Kelly, Trent",https://twitter.com/RepTrentKelly,MS,R
"Khanna, Ro",https://twitter.com/RepRoKhanna,CA,D
"Kildee, Dan",https://twitter.com/RepDanKildee,MI,D
"Kilmer, Derek",https://twitter.com/RepDerekKilmer,WA,D
"Kim, Andy",https://twitter.com/RepAndyKimNJ,NJ,D
"Kim, Young",https://twitter.com/RepYoungKim,CA,R
"Kind, Ron",https://twitter.com/RepRonKind,WI,D
"Kinzinger, Adam",https://twitter.com/RepKinzinger,IL,R
"Kirkpatrick, Ann",https://twitter.com/RepKirkpatrick,AZ,D
"Krishnamoorthi, Raja",https://twitter.com/CongressmanRaja,IL,D
"Kuster, Ann",https://twitter.com/RepAnnieKuster,NH,D
"Kustoff, David",https://twitter.com/RepDavidKustoff,TN,R
"LaHood, Darin",https://twitter.com/RepLaHood,IL,R
"LaMalfa, Doug",https://twitter.com/RepLaMalfa,CA,R
"Lamb, Conor",https://twitter.com/RepConorLamb,PA,D
"Lamborn, Doug",https://twitter.com/RepDLamborn,CO,R
"Langevin, Jim",https://twitter.com/JimLangevin,RI,D
"Larsen, Rick",https://twitter.com/RepRickLarsen,WA,D
"Larson, John B.",https://twitter.com/RepJohnLarson,CT,D
"Latta, Robert E.",https://twitter.com/boblatta,OH,R
"LaTurner, Jake",https://twitter.com/RepLaTurner,KS,R
"Lawrence, Brenda",https://twitter.com/RepLawrence,MI,D
"Lawson, Al",https://twitter.com/RepAlLawsonJr,FL,D
"Lee, Barbara",https://twitter.com/RepBarbaraLee,CA,D
"Lee, Susie",https://twitter.com/RepSusieLee,NV,D
"Leger Fernandez, Teresa",https://twitter.com/RepTeresaLF,NM,D
"Lesko, Debbie",https://twitter.com/RepDLesko,AZ,R
"Letlow, Julia",https://twitter.com/RepJuliaLetlow,LA,R
"Levin, Andy",https://twitter.com/RepAndyLevin,MI,D
"Levin, Mike",https://twitter.com/RepMikeLevin,CA,D
"Lieu, Ted",https://twitter.com/RepTedLieu,CA,D
"Lofgren, Zoe",https://twitter.com/RepZoeLofgren,CA,D
"Long, Billy",https://twitter.com/USRepLong,MO,R
"Loudermilk, Barry",https://twitter.com/RepLoudermilk,GA,R
"Lowenthal, Alan",https://twitter.com/RepLowenthal,CA,D
"Lucas, Frank",https://twitter.com/RepFrankLucas,OK,R
"Luetkemeyer, Blaine",https://twitter.com/RepBlaine,MO,R
"Luria, Elaine",https://twitter.com/RepElaineLuria,VA,D
"Lynch, Stephen F.",https://twitter.com/RepStephenLynch,MA,D
"Mace, Nancy",https://twitter.com/RepNancyMace,SC,R
"Malinowski, Tom",https://twitter.com/RepMalinowski,NJ,D
"Malliotakis, Nicole",https://twitter.com/RepMalliotakis,NY,R
"Maloney, Carolyn",https://twitter.com/RepMaloney,NY,D
"Maloney, Sean Patrick",https://twitter.com/RepSeanMaloney,NY,D
"Mann, Tracey",https://twitter.com/RepMann,KS,R
"Manning, Kathy E.",https://twitter.com/RepKManning,NC,D
"Massie, Thomas",https://twitter.com/RepThomasMassie,KY,R
"Mast, Brian",https://twitter.com/RepBrianMast,FL,R
"Matsui, Doris O.",https://twitter.com/DorisMatsui,CA,D
"McBath, Lucy",https://twitter.com/RepLucyMcBath,GA,D
"McCarthy, Kevin",https://twitter.com/GOPLeader,CA,R
"McCaul, Michael T.",https://twitter.com/RepMcCaul,TX,R
"McClain, Lisa C.",https://twitter.com/RepLisaMcClain,MI,R
"McClintock, Tom",https://twitter.com/RepMcClintock,CA,R
"McCollum, Betty",https://twitter.com/BettyMcCollum04,MN,D
"McEachin, A. Donald",https://twitter.com/RepMcEachin,VA,D
"McGovern, James",https://twitter.com/RepMcGovern,MA,D
"McHenry, Patrick T.",https://twitter.com/PatrickMcHenry,NC,R
"McKinley, David",https://twitter.com/RepMcKinley,WV,R
"McNerney, Jerry",https://twitter.com/RepMcNerney,CA,D
"Meeks, Gregory W.",https://twitter.com/RepGregoryMeeks,NY,D
"Meijer, Peter",https://twitter.com/RepMeijer,MI,R
"Meng, Grace",https://twitter.com/RepGraceMeng,NY,D
"Meuser, Daniel",https://twitter.com/RepMeuser,PA,R
"Mfume, Kweisi",https://twitter.com/RepKweisiMfume,MD,D
"Miller-Meeks, Mariannette",https://twitter.com/RepMMM,IA,R
"Miller, Carol",https://twitter.com/RepCarolMiller,WV,R
"Miller, Mary E.",https://twitter.com/RepMaryMiller,WV,R
"Moolenaar, John",https://twitter.com/RepMoolenaar,MI,R
"Mooney, Alex",https://twitter.com/RepAlexMooney,WV,R
"Moore, Barry",https://twitter.com/RepBarryMoore,AL,R
"Moore, Blake D.",https://twitter.com/RepBlakeMoore,UT,R
"Moore, Gwen",https://twitter.com/RepGwenMoore,WI,D
"Morelle, Joe",https://twitter.com/RepJoeMorelle,NY,D
"Moulton, Seth",https://twitter.com/teammoulton,MA,D
"Mrvan, Frank J.",https://twitter.com/RepMrvan,IN,D
"Mullin, Markwayne",https://twitter.com/RepMullin,OK,R
"Murphy, Gregory Francis",https://twitter.com/RepGregMurphy,NC,R
"Murphy, Stephanie",https://twitter.com/RepStephMurphy,FL,D
"Nadler, Jerrold",https://twitter.com/RepJerryNadler,NY,D
"Napolitano, Grace",https://twitter.com/gracenapolitano,CA,D
"Neal, Richard E.",https://twitter.com/RepRichardNeal,MA,D
"Neguse, Joe",https://twitter.com/RepJoeNeguse,CO,D
"Nehls, Troy E.",https://twitter.com/RepTroyNehls,TX,R
"Newhouse, Dan",https://twitter.com/RepNewhouse,WA,R
"Newman, Marie",https://twitter.com/RepMarieNewman,IL,D
"Norcross, Donald",https://twitter.com/DonaldNorcross,NJ,D
"Norman, Ralph",https://twitter.com/RepRalphNorman,SC,R
"Norton, Eleanor Holmes",https://twitter.com/EleanorNorton,DC,D
"Nunes, Devin",https://twitter.com/RepDevinNunes,CA,R
"O'Halleran, Tom",https://twitter.com/RepOHalleran,AZ,D
"Obernolte, Jay",https://twitter.com/JayObernolte,CA,R
"Ocasio-Cortez, Alexandria",https://twitter.com/RepAOC,NY,D
"Omar, Ilhan",https://twitter.com/Ilhan,MN,D
"Owens, Burgess",https://twitter.com/RepBurgessOwens,UT,R
"Palazzo, Steven",https://twitter.com/CongPalazzo,MS,R
"Pallone Jr., Frank",https://twitter.com/FrankPallone,NJ,D
"Palmer, Gary",https://twitter.com/USRepGaryPalmer,AL,R
"Panetta, Jimmy",https://twitter.com/RepJimmyPanetta,CA,D
"Pappas, Chris",https://twitter.com/RepChrisPappas,NH,D
"Pascrell Jr., Bill",https://twitter.com/BillPascrell,NJ,D
"Payne Jr., Donald",https://twitter.com/RepDonaldPayne,NJ,D
"Pelosi, Nancy",https://twitter.com/SpeakerPelosi,CA,D
"Pence, Greg",https://twitter.com/RepGregPence,IN,R
"Perlmutter, Ed",https://twitter.com/RepPerlmutter,CO,D
"Perry, Scott",https://twitter.com/RepScottPerry,PA,R
"Peters, Scott",https://twitter.com/RepScottPeters,CA,D
"Pfluger, August",https://twitter.com/RepPfluger,TX,R
"Phillips, Dean",https://twitter.com/RepDeanPhillips,MN,D
"Pingree, Chellie",https://twitter.com/chelliepingree,ME,D
"Plaskett, Stacey",https://twitter.com/StaceyPlaskett,VI,D
"Pocan, Mark",https://twitter.com/repmarkpocan,WI,D
"Porter, Katie",https://twitter.com/RepKatiePorter,CA,D
"Posey, Bill",https://twitter.com/congbillposey,FL,R
"Pressley, Ayanna",https://twitter.com/RepPressley,MA,D
"Price, David",https://twitter.com/RepDavidEPrice,NC,D
"Quigley, Mike",https://twitter.com/RepMikeQuigley,IL,D
"Radewagen, Amata",https://twitter.com/RepAmata,AS,R
"Raskin, Jamie",https://twitter.com/RepRaskin,MD,D
"Reed, Tom",https://twitter.com/RepTomReed,NY,R
"Reschenthaler, Guy",https://twitter.com/GReschenthaler,PA,R
"Rice, Kathleen",https://twitter.com/RepKathleenRice,NY,D
"Rice, Tom",https://twitter.com/RepTomRice,SC,R
"Rodgers, Cathy McMorris",https://twitter.com/cathymcmorris,WA,R
"Rogers, Harold",https://twitter.com/RepHalRogers,KY,R
"Rogers, Mike",https://twitter.com/RepMikeRogersAL,AL,R
"Rose, John W.",https://twitter.com/RepJohnRose,TN,R
"Rosendale, Matthew M.",https://twitter.com/RepRosendale,MT,R
"Ross, Deborah K.",https://twitter.com/RepDeborahRoss,NC,D
"Rouzer, David",https://twitter.com/RepDavidRouzer,NC,R
"Roy, Chip",https://twitter.com/RepChipRoy,TX,R
"Roybal-Allard, Lucille",https://twitter.com/RepRoybalAllard,CA,D
"Ruiz, Raul",https://twitter.com/RepRaulRuizMD,CA,D
"Ruppersberger, C. A. Dutch",https://twitter.com/Call_Me_Dutch,MD,D
"Rush, Bobby L.",https://twitter.com/RepBobbyRush,IL,D
"Rutherford, John",https://twitter.com/RepRutherfordFL,FL,R
"Ryan, Tim",https://twitter.com/RepTimRyan,OH,D
"Sablan, Gregorio",https://twitter.com/Kilili_Sablan,MP,D
"Salazar, Maria Elvira",https://twitter.com/RepMariaSalazar,FL,R
"San Nicolas, Michael F. Q.",https://twitter.com/GuamCongressman,GU,D
"Sánchez, Linda",https://twitter.com/RepLindaSanchez,CA,D
"Sarbanes, John P.",https://twitter.com/RepSarbanes,MD,D
"Scalise, Steve",https://twitter.com/SteveScalise,LA,R
"Scanlon, Mary Gay",https://twitter.com/RepMGS,PA,D
"Schakowsky, Jan",https://twitter.com/janschakowsky,IL,D
"Schiff, Adam",https://twitter.com/RepAdamSchiff,CA,D
"Schneider, Bradley",https://twitter.com/RepSchneider,IL,D
"Schrader, Kurt",https://twitter.com/RepSchrader,OR,D
"Schrier, Kim",https://twitter.com/RepKimSchrier,WA,D
"Schweikert, David",https://twitter.com/RepDavid,AZ,R
"Scott, Austin",https://twitter.com/AustinScottGA08,GA,R
"Scott, David",https://twitter.com/repdavidscott,GA,D
"Scott, Robert C.",https://twitter.com/BobbyScott,VA,D
"Sessions, Pete",https://twitter.com/PeteSessions,TX,R
"Sewell, Terri A.",https://twitter.com/RepTerriSewell,AL,D
"Sherman, Brad",https://twitter.com/BradSherman,CA,D
"Sherrill, Mikie",https://twitter.com/RepSherrill,NJ,D
"Simpson, Mike",https://twitter.com/CongMikeSimpson,ID,R
"Sires, Albio",https://twitter.com/RepSires,NJ,D
"Slotkin, Elissa",https://twitter.com/RepSlotkin,MI,D
"Smith, Adam",https://twitter.com/RepAdamSmith,WA,D
"Smith, Adrian",https://twitter.com/RepAdrianSmith,NE,R
"Smith, Chris",,NJ,R
"Smith, Jason",https://twitter.com/RepJasonSmith,MO,R
"Smucker, Lloyd",https://twitter.com/RepSmucker,PA,R
"Soto, Darren",https://twitter.com/RepDarrenSoto,FL,D
"Spanberger, Abigail",https://twitter.com/RepSpanberger,VA,D
"Spartz, Victoria",https://twitter.com/RepSpartz,IN,R
"Speier, Jackie",https://twitter.com/RepSpeier,CA,D
"Stansbury, Melanie ",https://twitter.com/Rep_Stansbury,NM,D
"Stanton, Greg",https://twitter.com/RepGregStanton,AZ,D
"Stauber, Pete",https://twitter.com/RepPeteStauber,MN,R
"Steel, Michelle",https://twitter.com/RepSteel,CA,R
"Stefanik, Elise",https://twitter.com/RepStefanik,NY,R
"Steil, Bryan",https://twitter.com/RepBryanSteil,WI,R
"Steube, W. Gregory",https://twitter.com/RepGregSteube,FL,R
"Stevens, Haley",https://twitter.com/RepHaleyStevens,MI,D
"Stewart, Chris",https://twitter.com/RepChrisStewart,UT,R
"Strickland, Marilyn",https://twitter.com/RepStricklandWA,WA,D
"Suozzi, Thomas",https://twitter.com/RepTomSuozzi,NY,D
"Swalwell, Eric",https://twitter.com/RepSwalwell,CA,D
"Takano, Mark",https://twitter.com/RepMarkTakano,CA,D
"Taylor, Van",https://twitter.com/RepVanTaylor,TX,R
"Tenney, Claudia",https://twitter.com/claudiatenney,NY,R
"Thompson, Bennie G.",https://twitter.com/BennieGThompson,MS,D
"Thompson, Glenn",https://twitter.com/CongressmanGT,PA,R
"Thompson, Mike",https://twitter.com/RepThompson,CA,D
"Tiffany, Thomas P.",https://twitter.com/RepTiffany,WI,R
"Timmons, William",https://twitter.com/RepTimmons,SC,R
"Titus, Dina",https://twitter.com/repdinatitus,NV,D
"Tlaib, Rashida",https://twitter.com/RepRashida,MI,D
"Tonko, Paul D.",https://twitter.com/RepPaulTonko,NY,D
"Torres, Norma",https://twitter.com/NormaJTorres,CA,D
"Torres, Ritchie",https://twitter.com/RepRitchie,NY,D
"Trahan, Lori",https://twitter.com/RepLoriTrahan,MA,D
"Trone, David",https://twitter.com/RepDavidTrone,MD,D
"Turner, Mike",https://twitter.com/RepMikeTurner,OH,R
"Underwood, Lauren",https://twitter.com/RepUnderwood,IL,D
"Upton, Fred",https://twitter.com/RepFredUpton,MI,R
"Valadao, David G.",https://twitter.com/RepDavidValadao,CA,R
"Van Drew, Jefferson",,NJ,R
"Van Duyne, Beth",https://twitter.com/RepBethVanDuyne,TX,R
"Vargas, Juan",https://twitter.com/RepJuanVargas,CA,D
"Veasey, Marc",https://twitter.com/RepVeasey,TX,R
"Vela, Filemon",https://twitter.com/RepFilemonVela,TX,D
"Velázquez, Nydia M.",https://twitter.com/NydiaVelazquez,NY,D
"Wagner, Ann",https://twitter.com/RepAnnWagner,MO,R
"Walberg, Tim",https://twitter.com/RepWalberg,MI,R
"Walorski, Jackie",https://twitter.com/RepWalorski,IN,R
"Waltz, Michael",https://twitter.com/michaelgwaltz,FL,R
"Wasserman Schultz, Debbie",https://twitter.com/RepDWStweets,FL,R
"Waters, Maxine",https://twitter.com/RepMaxineWaters,CA,D
"Watson Coleman, Bonnie",https://twitter.com/RepBonnie,NJ,D
"Weber, Randy",https://twitter.com/TXRandy14,TX,R
"Webster, Daniel",https://twitter.com/RepWebster,FL,R
"Welch, Peter",https://twitter.com/PeterWelch,VT,D
"Wenstrup, Brad",https://twitter.com/RepBradWenstrup,OH,R
"Westerman, Bruce",https://twitter.com/RepWesterman,AR,R
"Wexton, Jennifer",https://twitter.com/RepWexton,VA,D
"Wild, Susan",https://twitter.com/RepSusanWild,PA,D
"Williams, Nikema",https://twitter.com/RepNikema,GA,D
"Williams, Roger",https://twitter.com/RepRWilliams,TX,R
"Wilson, Frederica",https://twitter.com/RepWilson,FL,D
"Wilson, Joe",https://twitter.com/RepJoeWilson,SC,R
"Wittman, Robert J.",https://twitter.com/RobWittman,VA,R
"Womack, Steve",https://twitter.com/rep_stevewomack,AR,R
"Yarmuth, John A.",https://twitter.com/RepJohnYarmuth,KY,D
"Young, Don",https://twitter.com/repdonyoung,AK,R
"Zeldin, Lee",https://twitter.com/RepLeeZeldin,NY,R